愛美,あいみ,あいみん,あいみん,given,あいみ,~ん
赤﨑千夏,あかさき ちなつ,ちーさま,ちーさま,given,ち,~ーさま
赤﨑千夏,あかさき ちなつ,ちーちゃん,ちーちゃん,given,ち,~ーちゃん
麻倉もも,あさくら もも,もち,もち,given,も,~ち
麻倉もも,あさくら もも,もちょ,もちょ,given,も,~ちょ
阿澄佳奈,あすみ かな,あすみん,あすみん,family,あすみ,~ん
阿澄佳奈,あすみ かな,あすみす,アスミス,family,あすみ,~す
雨宮天,あまみや そら,そらちゃん,天ちゃん,given,そら,~ちゃん
雨宮天,あまみや そら,どやみや,ドヤ宮,family,みや,どや~
飯田里穂,いいだ りほ,りっぴー,りっぴー,given,り,~っぴー
石川界人,いしかわ かいと,いしかわぷろ,石川プロ,family,いしかわ,~ぷろ
石原夏織,いしはら かおり,きゃりー,キャリー,none,,
伊藤静,いとう しずか,しずかごぜん,静御前,given,しずか,~ごぜん
伊藤静,いとう しずか,しずかさま,静様,given,しずか,~さま
伊藤美来,いとう みく,みっく,みっく,given,み,~っく
今井麻美,いまい あさみ,みんごす,ミンゴス,given,み,~んごす
今井麻美,いまい あさみ,あさみんごすP,アサミンゴスP,given,あさみ,~んごすP
今井麻美,いまい あさみ,いまじん,イマジン,family,いま,~じん
上坂すみれ,うえさか すみれ,すみぺ,すみぺ,given,すみ,~ぺ
上田麗奈,うえだ れいな,うえしゃま,うえしゃま,family,うえ,~しゃま
上田麗奈,うえだ れいな,うえばあ,うえばあ,family,うえ,~ばあ
上田麗奈,うえだ れいな,しゃましゃま,しゃましゃま,none,,
内田彩,うちだ あや,うっちー,うっちー,family,う,~っちー
内田真礼,うちだ まあや,まややん,まややん,given,ま,~ややん
内田真礼,うちだ まあや,まれい,まれい,given,ま,~れい
内田雄馬,うちだ ゆうま,ゆうまたそ,ゆうまたそ,given,ゆうま,~たそ
内田雄馬,うちだ ゆうま,ゆうくん,ゆうくん,given,ゆう,~くん
永野愛理,えいの あいり,あいちゃん,あいちゃん,given,あい,~ちゃん
江口拓也,えぐち たくや,えぐう,えぐう,family,えぐ,~う
近藤唯,えんどう ゆい,ゆんこん,ゆんこん,given,ゆ,~んこん
大坪由佳,おおつぼ ゆか,バウム,バウム,none,,
大坪由佳,おおつぼ ゆか,ゆかちん,ゆかちん,given,ゆか,~ちん
大橋彩香,おおはし あやか,へご,へご,none,,
大橋彩香,おおはし あやか,へごちん,へごちん,none,,
大橋彩香,おおはし あやか,はっしー,はっしー,none,,
大原さやか,おおはら さやか,さぁや,さぁや,given,さ,~ぁや
奥野香耶,おくの かや,かやたん,かやたん,given,かや,~たん
小倉唯,おぐら ゆい,ゆいゆい,ゆいゆい,given,ゆい,~~
小倉唯,おぐら ゆい,ゆいたま,ゆいたま,given,ゆい,~たま
小倉唯,おぐらゆい,ちゃんゆい,ちゃんゆい,given,ゆい,ちゃん~
加藤英美里,かとうえみり,えみりん,えみりん,given,えみり,~ん
金田朋子,かねだ ともこ,かねとも,金朋,family,かね,~とも
金田朋子,かねだ ともこ,かねとも,金朋,given,とも,かね~
金田朋子,かねだ ともこ,ともちゃん,朋ちゃん,given,とも,~ちゃん
神谷浩史,かみや ひろし,ひろしー,ヒロC,given,ひろし,~ー
茅野愛衣,かやの あい,かやのん,かやのん,family,かやの,~ん
川澄綾子,かわすみ あやこ,あやちー,あやちー,given,あや,~ちー
川澄綾子,かわすみ あやこ,あやちゃん,綾ちゃん,given,あや,~ちゃん
橘田いずみ,きった いずみ,いずさま,いず様,given,いず,~さま
木戸衣吹,きど いぶき,いぶちゃん,いぶちゃん,given,いぶ,~ちゃん
木戸衣吹,きど いぶき,きどちゃん,木戸ちゃん,family,きど,~ちゃん
木戸衣吹,きど いぶき,きどちゃん,木戸ちゃん,given,き,~どちゃん
木戸衣吹,きど いぶき,いぶきんぐ,いぶきんぐ,given,いぶき,~んぐ
木戸衣吹,きど いぶき,いぶいぶ,いぶいぶ,given,いぶ,~~
釘宮理恵,くぎみや りえ,くぎみー,くぎみー,family,くぎみ,~ー
釘宮理恵,くぎみや りえ,くぎゅう,くぎゅう,family,くぎ,~ゅう
楠田亜衣奈,くすだ あいな,くっすん,くっすん,family,く,~っすん
久保ユリカ,くぼ ゆりか,しかこ,シカコ,none,,
桑島法子,くわしま ほうこ,ほーちゃん,ほーちゃん,given,ほ,~ーちゃん
小岩井ことり,こいわい ことり,ことりん,ことりん,family,こ,~とりん
小岩井ことり,こいわい ことり,ことりん,ことりん,given,ことり,~ん
小岩井ことり,こいわいことり,こっこちゃん,こっこちゃん,given,こ,~っこちゃん
小松未可子,こまつみかこ,みかこし,みかこし,given,みかこ,~し
坂本真綾,さかもと まあや,まーや,マーヤ,given,ま,~ーや
佐倉綾音,さくら あやね,あやねる,あやねる,given,あやね,~る
佐々木未来,ささき みこい,みころん,みころん,given,みこ,~ろん
沢城みゆき,さわしろ みゆき,みゆきち,みゆきち,given,みゆき,~ち
下田麻美,しもだ あさみ,あさぽん,あさぽん,given,あさ,~ぽん
下野紘,しもの ひろ,しもんぬ,しもんぬ,family,しも,~んぬ
白石涼子,しらいし りょうこ,うりょっち,うりょっち,none,,
洲崎綾,すざき あや,ぺ,ぺ,none,,
洲崎綾,すざき あや,あやっぺ,あやっぺ,given,あや,~っぺ
洲崎綾,すざき あや,ぺっちゃん,ぺっちゃん,none,,
諏訪ななか,すわ ななか,すわわ,すわわ,family,すわ,~わ
高垣彩陽,たかがき あやひ,あやひー,あやひー,given,あやひ,~ー
高槻かなこ,たかつき かなこ,きんぐ,きんぐ,family,き,~んぐ
高槻かなこ,たかつき かなこ,たかつきんぐ,たかつきんぐ,family,たかつき,~んぐ
たかはし智秋,たかはし ちあき,ちあきんぐ,チアキング,given,ちあき,~んぐ
たかはし智秋,たかはし ちあき,きんぐ,キング,given,き,~んぐ
高橋未奈美,たかはし みなみ,たかみな,たかみな,family,たか,~みな
高橋未奈美,たかはし みなみ,たかみな,たかみな,given,みな,たか~
高森奈津美,たかもり なつみ,なつねえ,なつ姉,given,なつ,~ねえ
竹達彩奈,たけたつ あやな,あやち,あやち,given,あや,~ち
竹達彩奈,たけたつ あやな,あやにゃん,あやにゃん,given,あや,~にゃん
立花理香,たちばな りか,こんちきさん,こんちきさん,none,,
立花理香,たちばな りか,りっかさま,りっか様,given,り,~っかさま
田所あずさ,たどころ あずさ,ころあず,ころあず,family,ころ,~あず
田所あずさ,たどころ あずさ,ころあず,ころあず,given,あず,ころ~
田所あずさ,たどころ あずさ,あずあず,あずあず,given,あず,~~
田中美海,たなか みなみ,みにゃみ,みにゃみ,given,み,~にゃ~
種田梨沙,たねだ りさ,たねちゃん,種ちゃん,family,たね,~ちゃん
種田梨沙,たねだ りさ,しーどくん,シード君,none,,
田村ゆかり,たむら ゆかり,ゆかりん,ゆかりん,given,ゆかり,~ん
田村ゆかり,たむら ゆかり,ゆかりひめ,ゆかり姫,given,ゆかり,~ひめ
田村ゆかり,たむら ゆかり,ひめさま,姫様,none,,
津田美波,つだ みなみ,つだみん,つだみん,family,つだ,~みん
津田美波,つだ みなみ,つだにゃん,津田にゃん,family,つだ,~にゃん
寺川愛美,てらかわあいみ,あいみん,あいみん,given,あいみ,~ん
照井春佳,てるい はるか,ぱるにゃす,ぱるにゃす,none,,
東山奈央,とうやま なお,なおぼう,奈央ぼう,given,なお,~ぼう
徳井青空,とくい そら,そらまる,そらまる,given,そら,~まる
戸松遥,とまつ はるか,とまっちゃん,とまっちゃん,family,とま,~っちゃん
戸松遥,とまつ はるか,はるかす,ハルカス,given,はるか,~す
